source1_entity_id	candidate_entity_id	candidate_source	retrieval_score	retrieval_rank
S1-102778074	S2-598087438	S2	1.0	1
S1-102778074	S2-895436029	S2	1.0	2
S1-102778074	S3-478915386	S3	1.0	3
S1-102778074	S3-959656058	S3	0.9516	4
S1-102778074	S3-21692116	S3	0.7033	5
S1-102778074	S3-208985573	S3	0.6973	6
S1-102778074	S3-295124103	S3	0.696	7
S1-102778074	S2-453054953	S2	0.6476	8
S1-102778074	S2-666758832	S2	0.6476	9
S1-102778074	S2-662330709	S2	0.6427	10
S1-102778074	S3-263561621	S3	0.6418	11
S1-102778074	S2-574210718	S2	0.6352	12
S1-102778074	S3-482773017	S3	0.6253	13
S1-102778074	S2-761828177	S2	0.6236	14
S1-102778074	S3-919044899	S3	0.6218	15
S1-102778074	S2-443062713	S2	0.615	16
S1-102778074	S2-213036940	S2	0.6105	17
S1-102778074	S2-209879710	S2	0.603	18
S1-102778074	S2-348615360	S2	0.6024	19
S1-102778074	S2-693488266	S2	0.5886	20
